{
  "Basic": {
    "3": {
      "dice_vs_threshold": {
        "mean": 0.9999999999999998,
        "std": 0.0
      },
      "best_threshold": {
        "mean": 0.16666666666666666,
        "std": 0.0
      }
    },
    "5": {
      "dice_vs_threshold": {
        "mean": 0.9251127802931531,
        "std": 0.04045880287187112
      },
      "best_threshold": {
        "mean": 0.22000000000000003,
        "std": 0.09797958971132711
      }
    },
    "7": {
      "dice_vs_threshold": {
        "mean": 0.9839544051764062,
        "std": 0.026071886182630614
      },
      "best_threshold": {
        "mean": 0.32857142857142857,
        "std": 0.057142857142857155
      }
    },
    "10": {
      "dice_vs_threshold": {
        "mean": 0.9971255177289352,
        "std": 0.004007171648899066
      },
      "best_threshold": {
        "mean": 0.35,
        "std": 0.0
      }
    },
    "15": {
      "dice_vs_threshold": {
        "mean": 0.9948715870791368,
        "std": 0.002682843766770315
      },
      "best_threshold": {
        "mean": 0.3,
        "std": 0.04216370213557838
      }
    },
    "20": {
      "dice_vs_threshold": {
        "mean": 0.9955816098908548,
        "std": 0.004495806926565282
      },
      "best_threshold": {
        "mean": 0.325,
        "std": 0.0
      }
    },
    "30": {
      "dice_vs_threshold": {
        "mean": 0.9967599920291471,
        "std": 0.0035127523268787923
      },
      "best_threshold": {
        "mean": 0.31666666666666665,
        "std": 0.0421637021355784
      }
    }
  },
  "Restricted": {
    "3": {
      "dice_vs_threshold": {
        "mean": 0.9999999999999998,
        "std": 0.0
      },
      "best_threshold": {
        "mean": 0.16666666666666666,
        "std": 0.0
      }
    },
    "5": {
      "dice_vs_threshold": {
        "mean": 0.9251127802931531,
        "std": 0.04045880287187112
      },
      "best_threshold": {
        "mean": 0.22000000000000003,
        "std": 0.09797958971132711
      }
    },
    "7": {
      "dice_vs_threshold": {
        "mean": 0.9839544051764062,
        "std": 0.026071886182630614
      },
      "best_threshold": {
        "mean": 0.32857142857142857,
        "std": 0.057142857142857155
      }
    },
    "10": {
      "dice_vs_threshold": {
        "mean": 0.9971255177289352,
        "std": 0.004007171648899066
      },
      "best_threshold": {
        "mean": 0.35,
        "std": 0.0
      }
    },
    "15": {
      "dice_vs_threshold": {
        "mean": 0.9948715870791368,
        "std": 0.002682843766770315
      },
      "best_threshold": {
        "mean": 0.3,
        "std": 0.04216370213557838
      }
    },
    "20": {
      "dice_vs_threshold": {
        "mean": 0.9955816098908548,
        "std": 0.004495806926565282
      },
      "best_threshold": {
        "mean": 0.325,
        "std": 0.0
      }
    },
    "30": {
      "dice_vs_threshold": {
        "mean": 0.9967599920291471,
        "std": 0.0035127523268787923
      },
      "best_threshold": {
        "mean": 0.31666666666666665,
        "std": 0.0421637021355784
      }
    }
  }
}