{
  "3": {
    "frac_suboptimal": {
      "mean": 0.9499999999999998,
      "std": 1.1102230246251565e-16
    },
    "ll_spread": {
      "mean": 3974.19810399892,
      "std": 1387.0441348162678
    },
    "dice_spread": {
      "mean": 0.5450476695256049,
      "std": 0.05991023830847855
    }
  },
  "5": {
    "frac_suboptimal": {
      "mean": 0.9499999999999998,
      "std": 1.1102230246251565e-16
    },
    "ll_spread": {
      "mean": 7880.690033923327,
      "std": 984.8315755684181
    },
    "dice_spread": {
      "mean": 0.5370415008996717,
      "std": 0.1302446753744549
    }
  },
  "7": {
    "frac_suboptimal": {
      "mean": 0.9499999999999998,
      "std": 1.1102230246251565e-16
    },
    "ll_spread": {
      "mean": 13139.147963797343,
      "std": 1598.5605303302075
    },
    "dice_spread": {
      "mean": 0.3594251496344248,
      "std": 0.11008732070847
    }
  },
  "10": {
    "frac_suboptimal": {
      "mean": 0.9499999999999998,
      "std": 1.1102230246251565e-16
    },
    "ll_spread": {
      "mean": 17978.30755866363,
      "std": 2631.923378645663
    },
    "dice_spread": {
      "mean": 0.02817757710623897,
      "std": 0.026368123493569314
    }
  }
}