{
  "MV": {
    "mean": 0.7894494532354109,
    "std": 0.17673921338570053,
    "values": [
      0.9694228333634882,
      0.9151117834930239,
      0.8859892350350675,
      0.9613653413353337,
      0.5173197047132311,
      0.719021310181531,
      0.5429082240762811,
      0.8569179915000786,
      0.5637376237623761,
      0.9627004848936962
    ]
  },
  "STAPLE": {
    "mean": 0.5038843351353339,
    "std": 0.1009435048873632,
    "values": [
      0.6245140635719184,
      0.4844830643731157,
      0.44794228562059346,
      0.688689950825873,
      0.4439028353237468,
      0.43468575974542556,
      0.4324367088607594,
      0.4065149486836233,
      0.42736512900703666,
      0.6483086053412461
    ]
  },
  "STAPLE-D": {
    "mean": 0.506700824426438,
    "std": 0.10242456779300305,
    "values": [
      0.6420594804278827,
      0.4844830643731157,
      0.44794228562059346,
      0.688689950825873,
      0.4462593923554393,
      0.43468575974542556,
      0.4378404357577699,
      0.4065149486836233,
      0.43022432113341197,
      0.6483086053412461
    ]
  },
  "Spatial_STAPLE": {
    "mean": 0.44241873199551174,
    "std": 0.032896507259476786,
    "values": [
      0.457846410684474,
      0.40772892747129647,
      0.4209047485248665,
      0.47763524818739533,
      0.41303752396603666,
      0.42268230120923406,
      0.43191608915527246,
      0.47661769653470887,
      0.40961433010418563,
      0.506204044117647
    ]
  },
  "SIMPLE": {
    "mean": 0.6433297855885185,
    "std": 0.15483814837426962,
    "values": [
      0.818057038279701,
      0.6625289034927587,
      0.6349503214494446,
      0.8814890710382512,
      0.4617334009123162,
      0.5329043579994149,
      0.4634559945735119,
      0.6482495832341032,
      0.47316481994459825,
      0.8567643649610861
    ]
  }
}