{
  "0.3": {
    "actual_frac": 0.29107666015625,
    "radius": 39,
    "MV_dice": {
      "mean": 0.9318626593463588,
      "std": 0.009254196834621963
    },
    "STAPLE_dice": {
      "mean": 0.9113860703167397,
      "std": 0.016267189440276067
    },
    "STAPLE_D_dice": {
      "mean": 0.9121080234220562,
      "std": 0.015567140224799504
    },
    "collapse_rate": 0.0
  },
  "0.2": {
    "actual_frac": 0.19586181640625,
    "radius": 32,
    "MV_dice": {
      "mean": 0.9188440287447989,
      "std": 0.010854639096216413
    },
    "STAPLE_dice": {
      "mean": 0.8643105297299714,
      "std": 0.03909240261638128
    },
    "STAPLE_D_dice": {
      "mean": 0.8677900259431658,
      "std": 0.036844220602068364
    },
    "collapse_rate": 0.0
  },
  "0.1": {
    "actual_frac": 0.09259033203125,
    "radius": 22,
    "MV_dice": {
      "mean": 0.8845594704560249,
      "std": 0.014918523293914611
    },
    "STAPLE_dice": {
      "mean": 0.43135658440806457,
      "std": 0.044792867290070086
    },
    "STAPLE_D_dice": {
      "mean": 0.43135658440806457,
      "std": 0.044792867290070086
    },
    "collapse_rate": 0.0
  },
  "0.05": {
    "actual_frac": 0.04864501953125,
    "radius": 16,
    "MV_dice": {
      "mean": 0.841354106492191,
      "std": 0.01917782922488704
    },
    "STAPLE_dice": {
      "mean": 0.2808073721064025,
      "std": 0.03922936183291061
    },
    "STAPLE_D_dice": {
      "mean": 0.2808073721064025,
      "std": 0.03922936183291061
    },
    "collapse_rate": 0.0
  },
  "0.02": {
    "actual_frac": 0.01934814453125,
    "radius": 10,
    "MV_dice": {
      "mean": 0.7464844121724107,
      "std": 0.03688834129890258
    },
    "STAPLE_dice": {
      "mean": 0.1434498773686758,
      "std": 0.023867627294117053
    },
    "STAPLE_D_dice": {
      "mean": 0.13763087342295718,
      "std": 0.024067177472878912
    },
    "collapse_rate": 0.0
  },
  "0.01": {
    "actual_frac": 0.00909423828125,
    "radius": 7,
    "MV_dice": {
      "mean": 0.6099627350614399,
      "std": 0.06058141200523049
    },
    "STAPLE_dice": {
      "mean": 0.08043542051056574,
      "std": 0.020630525418962164
    },
    "STAPLE_D_dice": {
      "mean": 0.07402184687499018,
      "std": 0.013496933256696477
    },
    "collapse_rate": 0.0
  },
  "0.005": {
    "actual_frac": 0.00494384765625,
    "radius": 5,
    "MV_dice": {
      "mean": 0.5562357818176002,
      "std": 0.040539381434651627
    },
    "STAPLE_dice": {
      "mean": 0.046425347076786014,
      "std": 0.016461369421120493
    },
    "STAPLE_D_dice": {
      "mean": 0.03774437702722473,
      "std": 0.008894332451722567
    },
    "collapse_rate": 0.0
  }
}