{
  "MV": {
    "mean": 0.9118863665788997,
    "std": 0.01230426179551148,
    "values": [
      0.9069134458356014,
      0.9219047619047618,
      0.9073359073359072,
      0.8990462479755262,
      0.8913917940466611,
      0.9258617369535912,
      0.9038392536777896,
      0.9285026016573519,
      0.9071829202098787,
      0.9268849961919268
    ]
  },
  "STAPLE": {
    "mean": 0.7875987930828013,
    "std": 0.08429476197064453,
    "values": [
      0.7970232015175834,
      0.6734365325077398,
      0.6218007312614259,
      0.7989425760023497,
      0.8893316428183299,
      0.7588620112581773,
      0.7561415683553088,
      0.8972025615099426,
      0.8538971284316818,
      0.8293499771654741
    ]
  },
  "SIMPLE": {
    "mean": 0.9040238884578675,
    "std": 0.01153765972907759,
    "values": [
      0.9023289402419208,
      0.9145880574452001,
      0.8899829577731488,
      0.8972701149425286,
      0.8883096049729294,
      0.9223096105889121,
      0.8991611636623236,
      0.9217524392577002,
      0.8973425555151072,
      0.907193440178904
    ]
  },
  "Hybrid": {
    "mean": 0.774960319883059,
    "std": 0.07958684400897652,
    "values": [
      0.7877068557919621,
      0.6827479193116095,
      0.5969770100342944,
      0.7913828607635037,
      0.8430663876735779,
      0.7628113596699984,
      0.7482548641021832,
      0.8845235909675049,
      0.8264878457669739,
      0.8256445047489822
    ]
  },
  "Spatial_STAPLE": {
    "mean": 0.5544030247472739,
    "std": 0.02544624694187575,
    "values": [
      0.5953372189841798,
      0.5194805194805193,
      0.5336702463676563,
      0.5293165691522469,
      0.5735176814676947,
      0.5396785217061131,
      0.5443288756810302,
      0.5778419532685743,
      0.5425761573518828,
      0.588282504012841
    ]
  }
}