{
  "comparison": {
    "MV": {
      "mean": 0.8357768523826767,
      "std": 0.03531322418745835
    },
    "STAPLE": {
      "mean": 0.8174732389388667,
      "std": 0.04190600637810154
    },
    "SIMPLE": {
      "mean": 0.8234828846195309,
      "std": 0.041293149743894204
    },
    "DeepConsensus": {
      "mean": 0.9993624844802256,
      "std": 0.00041587523346180274
    }
  },
  "learned_reliabilities": [
    0.6751919984817505,
    0.5573667287826538,
    0.5996859669685364,
    0.5508230924606323,
    0.46321383118629456
  ],
  "train_losses": [
    0.8291015124320984,
    0.2153550162911415,
    0.06300442278385163,
    0.05328417584300041,
    0.05165535107254982,
    0.05129637360572815,
    0.05100252747535706,
    0.050827810764312746,
    0.05072350859642029,
    0.05052883058786392,
    0.050386439710855484,
    0.05027504473924637,
    0.05008463129401207,
    0.049981656670570376,
    0.04983550950884819,
    0.04964553818106651,
    0.049443948268890384,
    0.04924574002623558,
    0.049120108634233474,
    0.04894782856106758,
    0.04877111822366714,
    0.04856053754687309,
    0.04837663933634758,
    0.048214156627655026,
    0.048101219087839125,
    0.04796655029058457,
    0.047950437664985655,
    0.04791710361838341,
    0.047773694694042204,
    0.04769954055547714,
    0.047660307735204695,
    0.04761567831039429,
    0.04757477268576622,
    0.04756197825074196,
    0.0475278539955616,
    0.04749807804822922,
    0.04747608795762062,
    0.04746946379542351,
    0.047446659058332445,
    0.04744172632694244,
    0.047425428479909895,
    0.04742196410894394,
    0.047407571673393246,
    0.04740184083580971,
    0.04739809602499008,
    0.04739423096179962,
    0.0473920439183712,
    0.047390451282262804,
    0.04738967299461365,
    0.047389365434646606
  ],
  "val_dices": [
    0.9428195332145134,
    0.9885246354807733,
    0.9956725138837228,
    0.9970914593792206,
    0.9971295546517344,
    0.9975514455059056,
    0.9975614317482294,
    0.9977086041119282,
    0.9977227013672365,
    0.9976571864346753,
    0.997444275648399,
    0.9978567559725129,
    0.9978709669502317,
    0.9977293563149671,
    0.9979805521864717,
    0.9979196515153481,
    0.9978538271260834,
    0.9979781297087853,
    0.9983472482851774,
    0.9985380511451762,
    0.9985914269241521,
    0.9986770911883524,
    0.9987296511638288,
    0.9988438552955607,
    0.9989391477387808,
    0.9990814211486878,
    0.9990144191439851,
    0.9991383692984404,
    0.9991531145295959,
    0.9991674884821405,
    0.9992194915415373,
    0.999262364470209,
    0.9992531439337025,
    0.9993052238945794,
    0.9993051876759401,
    0.9993102053220012,
    0.9992438010756101,
    0.9993242579232989,
    0.9993529787681957,
    0.9993385096940289,
    0.9993482824733511,
    0.9993340307456039,
    0.9993719901642666,
    0.9993720354424416,
    0.9993719584677936,
    0.9993624618174286,
    0.9993672441120388,
    0.9993672395898172,
    0.9993672441120388,
    0.9993624844802256
  ]
}