{
  "coverages": {
    "0.05": {
      "mean": 0.952789306640625,
      "std": 0.0055605506213610685
    },
    "0.1": {
      "mean": 0.9167236328125,
      "std": 0.012822764402219416
    },
    "0.2": {
      "mean": 0.827362060546875,
      "std": 0.022017264120352893
    }
  },
  "band_widths": {
    "0.05": {
      "mean": 0.168048095703125,
      "std": 0.2211640137643365
    },
    "0.1": {
      "mean": 0.0306640625,
      "std": 0.05907203778957499
    },
    "0.2": {
      "mean": 0.002349853515625,
      "std": 0.01024277400673315
    }
  }
}